page_id,page_name,disclaimer,amount_spent,number_of_ads,organisation_type
332170236842216,Vattenfall,Vattenfall Oy,49252,7,Oy
201285237101,Kokoomus,Kokoomus,41838,767,Kok
55312855747,Keskusta,Suomen Keskusta r.p.,30474,52,Kesk
33722070600,Vihreät - De Gröna,Vihreä liitto rp.,29442,73,Vihr
60390955171,Vasemmistoliitto,Vasemmistoliitto,27203,65,Vas
181106108341,Perussuomalaiset,Perussuomalaiset,22360,42,PS
8252999126,Suomen UNICEF – UNICEF Finland,Suomen UNICEF – UNICEF Finland,22164,111,Ry
108945982480217,Sosialidemokraatit SDP,Sosialidemokraatit SDP,19293,181,SDP
78648671844,Julkisten ja hyvinvointialojen liitto JHL,Julkisten ja hyvinvointialojen liitto JHL,18984,12,Ay
119054448115588,WWF Suomi,WWF Suomi,13809,126,Ry
157614802920,Kristillisdemokraatit,Kristillisdemokraatit,13145,14,KD
274800030869,Pohjanmaan Kokoomus,Pohjanmaan Kokoomus,12051,91,Kok
309459326150013,Teollisuusliitto,Teollisuusliitto,12011,139,Ay
608420329206042,Vantaan Kokoomus,Vantaan Kokoomus ry,9010,30,Kok
111005869699,Kirkon Ulkomaanapu,Kirkon Ulkomaanapu,8217,74,Ry
152543404772052,Espoon Kokoomus,Espoon Kokoomus,7940,65,Kok
249421507648,Uudenmaan Kokoomus,Uudenmaan Kokoomus,7577,108,Kok
9227859351,Greenpeace Suomi,Greenpeace Suomi,7244,58,Ry
126626144024824,Kuntaliitto - Kommunförbundet,Suomen Kuntaliitto ry,6255,30,Ry
231250833663601,SDP Helsinki,Helsingin Sosialidemokraatit ry,5588,9,SDP
276456079047756,Uudenmaan Vihreät,Uudenmaan Vihreät,5480,28,Vihr
963523287006499,Vantaan Demarit,Vantaan Sosialidemokraattinen Kunnallisjärjestö ry,5430,73,SDP
310886696101,Pohjois-Pohjanmaan Kokoomus,Pohjois-Pohjanmaan Kokoomus,5263,4,Kok
106182026091369,Vantaan Vihreät,Vantaan Vihreät,5050,4,Vihr
229433767936563,Lääkärit Ilman Rajoja,Lääkärit Ilman Rajoja,4777,46,Ry
530248110334767,Kokoomus Seinäjoella,Kokoomuksen Seinäjoen Kunnallisjärjestö Ry,4575,50,Kok
114814570433596,Perussuomalaiset Keski-Pohjanmaa,Perussuomalaiset Keski-Pohjanmaa,4560,33,PS
316629460263,Fida International ry,Fida International Ry,4364,23,Ry
164737363576382,SDP Tampere,SDP Tampere,4259,13,SDP
144821005614879,SFP i Nyland - RKP Uusimaa,Svenska folkpartiet i Nyland,4248,83,RKP
74636688310,Vantaan kaupunki - Vanda Stad - City of Vantaa,Vantaan kaupunki,4150,15,Kaupunki
163297240439657,Tamperelainen Kokoomus,Kokoomuksen Tampereen Aluejärjestö,4000,12,Kok
912073912162853,Vasemmisto Jyväskylässä,Vasemmisto Jyväskylässä,3840,16,Vas
271311152007,Plan International Suomi,Plan International Suomi,3827,61,Ry
104389332170423,Jyväskylän seudun Perussuomalaiset ry,Jyväskylän seudun Perussuomalaiset ry,3618,30,PS
299075588404,Uudenmaan Keskusta,Keskustan Uudenmaan piiri ry,3577,19,Kesk
134934386349,Amnesty International - Suomen osasto,Amnesty International - Suomen osasto,3182,48,Ry
187930584589013,Espoon Vasemmisto,Espoon Vasemmisto,3119,64,Vas
113957098615260,Keski-Suomen Vihreät,Keski-Suomen Vihreät,3083,13,Vihr
111701177106115,Perussuomalainen Nuoriso,Perussuomalainen Nuoriso ry,3077,14,PS
191883307265,Svenska folkpartiet i Finland - RKP,Svenska folkpartiet i Finland - RKP,3068,44,RKP
74247674998,SAK - Suomen Ammattiliittojen Keskusjärjestö,SAK - Suomen Ammattiliittojen Keskusjärjestö,3051,10,Ay
332408440627,Hämeen Vihreät,Hämeen Vihreät,3000,3,Vihr
582595551826417,Rapport,Rapport Journalismi Oy,2970,28,Oy
345317381991437,Uusi Juttu,Uusi Juttu,2957,37,Oy
185166421528433,Turun vihreät,Turun vihreä kunnallisjärjestö ry,2768,26,Vihr
541646375868442,Kuopion Keskusta,Keskustan Kuopion kunnallisjärjestö ry,2754,172,Kesk
61429592049,All Things Live Finland,All Things Live Finland Oy,2718,1,Oy
113398820097,Pelastakaa Lapset,Pelastakaa Lapset,2681,43,Ry
1381488988532551,Malmin lentoaseman ystävät,Malmin lentoaseman ystävät,2644,6,Ry
129286757147002,Tehy ry,Tehy ry,2637,25,Ay
103846214801116,Laukaan Perussuomalaiset,Laukaan Perussuomalaiset ry,2560,8,PS
432577913422309,SDP Kerava,SDP Kerava,2480,37,SDP
194677504471503,Liike Nyt,Liike Nyt,2469,18,LiikeNyt
131939400313423,Porvoon Demarit - Borgå Socialdemokrater,Porvoon Demarit - Borgå Socialdemokrater,2460,18,SDP
536101099765762,Helsingin kaupunki - Helsingfors stad - City of Helsinki,Helsingin kaupunki - Helsingfors stad - City of Helsinki,2438,13,Kaupunki
499820690502400,Helsingin tieteen ja teknologian vihreät,Helsingin tieteen ja teknologian vihreät,2354,71,Vihr
160515170666877,Savo-Karjalan vihreät,Savo-Karjalan vihreät ry,2278,15,Vihr
229309442980,Hämeen Kokoomus,Hämeen Kokoomus ry,2151,40,Kok
107111462655596,Länsiväylä,Länsiväylä,2123,99,Oy
570764713379821,Otava Oppimisen palvelut,Otava Oppimisen palvelut,2116,58,Oy
327193342274,Pohjois-Pohjanmaan Vasemmisto,Pohjois-Pohjanmaan Vasemmisto,2094,22,Vas
7692825311,Suomen World Vision,Suomen World Vision,2035,33,Oy
71160793231,Suomi.fi,Digi- ja väestötietovirasto,2000,1,Valtio
289704907716370,Uudenmaan Perussuomalaiset,Uudenmaan Perussuomalaiset,2000,1,PS
1394324444206771,Helsingin Keskusta,Helsingin Keskusta,1996,24,Kesk
433087293448371,Tiedekulma,Tiedekulma,1966,14,Yliopisto
260432933428,Helsingin Kokoomus,Helsingin Kokoomus,1965,60,Kok
218162104870945,Turun Vasemmisto,Turun Vasemmistoliitto ry,1961,10,Vas
400489896705745,Tikkurilan Työväenyhdistys ry,Tikkurilan Työväenyhdisty ry,1940,8,Ry
351237294958923,Forssan Kokoomus,Forssan Kokoomus ry.,1933,54,Kok
107086122672929,Savon Sanomat,Savon Sanomat,1890,37,Oy
189362187761641,Nuorisoala ry,Nuorisoala ry,1863,4,Ry
358235820866228,Tuusulan puolesta ry,Tuusulan puolesta ry,1860,129,Ry
471835972836669,Oulun Vasemmisto,Oulun Vasemmisto,1819,44,Vas
286707821444604,Joensuun Perussuomalaiset,Joensuun Perussuomalaiset,1791,38,PS
1619665441594731,Uudenmaan Keskustanaiset,Uudenmaan Keskustanaiset,1766,5,Kesk
536184636556062,Oulun Kokoomus,Oulun Kokoomus,1747,8,Kok
109192862437316,Vantaan Sanomat,Vantaan Sanomat,1703,112,Oy
152603821504784,SFP i Esbo / RKP Espoo,SFP i Esbo / RKP Espoo,1695,38,RKP
174049752448222,Kumpi on koukussa?,Kumpi on koukussa?,1673,5,NaN
193483830745465,Kuopion Kokoomus,Kuopion Kokoomus,1647,61,Kok
275285312534515,Kirkkonummen Vihreät - De Gröna i Kyrkslätt,Kirkkonummen Vihreät - De Gröna i Kyrkslätt,1643,11,Vihr
480848058641447,Jyväskylän Keskusta,Jyväskylän Keskusta,1585,20,Kesk
174819292560785,Finlands svenska socialdemokrater - FSD,Finlands svenska socialdemokrater,1522,15,SDP
276582945717,Varsinais-Suomen Kokoomus,Varsinais-Suomen Kokoomus,1513,8,Kok
123692197698005,UN Women Suomi,Suomen UN Women,1511,18,Ry
120710234622547,Vaasan Kokoomuslaiset,Kokoomuksen Vaasan Kunnallisjärjestö,1502,64,Kok
103080291806390,Kemin Demarit,Kemin Demarit,1496,75,SDP
108538215848910,Länsi-Uusimaa,Länsi-Uusimaa,1489,47,Oy
380274865362580,Sfp i Raseborg,Genero Oy AB,1482,3,RKP
271473022894129,Lahden Demarit,Lahden Sos.-Dem. Kunnallisjärjestö ry,1452,133,SDP
117401001618470,ESS.fi - Etlari verkossa,Etelä-Suomen Sanomat,1447,31,Oy
380793272085420,SDP Kuopio,SDP Kuopio,1425,23,SDP
169404349771683,SFP i Egentliga Finland / RKP Varsinais-Suomi,SFP i Egentliga Finland,1422,55,RKP
572470002618855,Valentina Berihuete Duval - KD,Jlo consulting,1420,23,KD
1380845418823068,Hämeen Sosialidemokraatit,Hämeen Sosialidemokraatit,1415,13,SDP
203199670136654,Kempeleen Kokoomuslaiset,Kempeleen Kokoomuslaiset,1415,50,Kok
137628126298370,Pohjois-Savon Keskusta,Pohjois-Savon Keskusta,1381,70,Kesk
150470741712965,Sfp i Kyrkslätt,Sfp i Kyrkslätt,1371,27,RKP
118714761478292,Keski-Uusimaa,Keski-Uusimaa,1339,55,Oy
617964051717020,SFP Vasa - RKP Vaasa,Svenska folkpartiet Vasa,1333,10,RKP
126757820675243,KSML.fi - Keskisuomalainen,Keskisuomalainen,1332,41,Oy
151786398703,Palvelualojen ammattiliitto PAM ry,Palvelualojen ammattiliitto PAM,1319,10,Ay
116383805046145,Aamuposti,Aamuposti,1318,43,Oy
125564877468299,Sanomalehti Karjalainen,Sanomalehti Karjalainen,1314,12,Oy
584449085331949,Meks,Meks,1261,35,NaN
242197705820950,SEY Suomen eläinsuojelu,SEY Suomen eläinsuojelu,1239,7,Ry
196680053873063,Kokoomus Porissa,Kokoomus Porissa,1225,17,Kok
337865799564409,K-ryhmä,K-ryhmä,1199,2,Oy
199931586695495,Etelä-Pohjanmaan vihreät,Etelä-Pohjanmaan Vihreät,1199,13,Vihr
401003853317748,Tampereen Keskusta,Tampereen Keskusta,1190,24,Kesk
221851144497973,Porvoon Vihreät - De Gröna i Borgå,Porvoon Vihreät - De Gröna i Borgå,1154,51,Vihr
204843542888775,Tampereen Vihreät,Tampereen Vihreät,1136,25,Vihr
284401019712,Lapin Kansa,Kaleva 365 Oy,1131,6,Oy
114107614949792,Kittilän Vasemmisto,Kittilän Vasemmisto,1120,21,Vas
297768788714,Kaleva,Kaleva365 Oy,1118,4,Oy
107552192667016,Diakonissalaitos,Diakonissalaitos,1111,21,Kirkko
105204505765329,SFP:s Samkrets - RKP:n Yhteispiiri,SFP:s Samkrets - RKP:n Yhteispiiri,1110,20,RKP
346589775365362,Otalammen Työväenyhdistys r.y.,Otalammen työväenyhdistys ry,1109,8,Ry
1160563597403601,Suomen Olympiakomitea,Suomen Olympiakomitea,1105,30,Ry
180273268847212,Savo-Karjalan Kokoomus,Savo-Karjalan Kokoomus,1066,60,Kok
317761004927887,Ylöjärven vasemmisto,Ylöjärven vasemmisto,1053,31,Vas
431958966986115,FSC Suomi,FSC Suomi,1048,15,NaN
54313274188,Naisten Pankki,Naisten Pankki,1037,68,Ry
1582838445264672,Pirkanmaan Keskusta,Pirkanmaan Keskusta,1027,13,Kesk
200739723082,University of Helsinki,Helsingin yliopisto,1027,17,Yliopisto
117655354983768,Etelä-Saimaa,Etelä-Saimaa,1022,29,Maakunta
281523996677,Suomen Yrittäjät,Suomen Yrittäjät,1017,5,Ry
268129704022,Lapin Kokoomus,Lapin Kokoomus ry,1016,39,Kok
101891085670803,Espoon Kansallisseura,Espoon Kansallisseura,1015,16,Kok
170620476312208,Varsinais-Suomen Keskusta,Keskustan Varsinais-Suomen piiri ry.,1015,10,Kesk
101278444786511,Kokoomus Kokkola,Kokoomuksen Kokkolan Kunnallisjärjestö,1003,9,Kok
149631468478018,Vihreät Oulussa,Vihreät Oulussa,997,21,Vihr
237721387390,Pirkanmaan Kokoomus,Pirkanmaan Kokoomus,995,21,Kok
111828953735318,Savonlinnan Seudun Perussuomalaiset,Savonlinnan Seudun Perussuomalaiset,992,28,PS
239474986149822,Lapin Keskusta,Lapin Keskusta,977,12,Kesk
1674008209292426,Pro Lahti,Pro Lahti,959,48,Ay
436592919726715,Kokoomus Vihti,Kokoomus Vihti,952,51,Kok
215548018572248,Turun Kokoomus,Turun Kokoomus,952,25,Kok
117594328411158,Pirkanmaan Vasemmisto,Pirkanmaan Vasemmistoliitto,950,21,Vas
138914456206629,Tampereen Demarinuoret,Tampereen Demarinuoret ry,947,6,SDP
1763747580516501,Sipoon Perussuomalaiset ry,Sipoon Perussuomalaiset ry,930,38,PS
336057419777613,Vaasan vaalipiirin vihreät - De Gröna i Vasa valkrets,Vaasan vaalipiirin vihreät - De Gröna i Vasa valkrets,906,12,Vihr
477467832263742,Raision SDP,Raision SDP,904,66,SDP
111832608840937,Invalidiliitto,Invalidiliitto Ry,898,32,Ry
169615716403956,Kokoomuksen Ylöjärven Kunnallisjärjestö ry,Kokoomuksen Ylöjärven Kunnallisjärjestö ry,883,8,Kok
429825903721481,Raision Vasemmistoliitto,Raision Vasemmistoliitto,865,4,Vas
159380047510809,Seinäjoen Keskusta,Seinäjoen Keskusta,856,32,Kesk
21461560968,Maailma kylässä | World Village Festival,Maailma kylässä -festivaali,836,56,Ry
844289392292867,Maanomistajain Liitto,Maanomistajain Liitto,836,5,Ry
247998195361962,SDP Joensuu,SDP Joensuu,811,23,SDP
273828453210,Kaakkois-Suomen Kokoomus,Kaakkois-Suomen Kokoomus,804,18,Kok
254995314554100,SFP i Borgå - RKP Porvoo,SFP i Borgå - RKP Porvoo,803,3,RKP
423754975068118,KD Pohjanmaa - KD Österbotten,KD Pohjanmaa - KD Österbotten,793,48,KD
110233617808359,Satakunnan vihreät,Satakunnan Vihreät ry,786,9,Vihr
356132611157290,Espoon Sosialidemokraatit,Espoon Sosialidemokraatit,774,8,SDP
131879190206726,Hämeen Sanomat,Hämeen Sanomat,751,24,Oy
187149367972389,Sipoon Kokoomus Ry,Sipoon Kokoomus Ry,728,25,Kok
372244836185617,Kauniaisten perussuomalaiset,Kauniaisten perussuomalaiset,727,27,PS
176678846392107,Tankesmedjan Agenda - Ajatushautomo Agenda,Tankesmedjan Agenda Ajatushautomo,724,4,Oy
158571127556917,SDP Valkeakoski,Sdp Valkeakoski,722,56,SDP
168324699852052,pieni ele,Pieni ele ry,715,2,Ry
196740433707108,Lahden kaupunki,Lahden kaupunki,696,6,Kaupunki
156244857778042,Salon Kokoomus,Salon Kokoomus,692,7,Kok
422834721071420,Nokian Vihreät,Nokian Vihreät,690,33,Vihr
387646527975949,Pohjanmaan Sosialidemokraatit,Pohjanmaan Sosialidemokraatit,689,17,SDP
883220421733478,Kotkan Kokoomusnaiset,Kotkan Kokoomusnaiset ry,680,4,Kok
484469271591905,Taideyliopisto,Taideyliopisto,679,4,Yliopisto
122099024930000568,Kokoomus Jyväskylässä,Kokoomus Jyväskylässä,672,109,Kok
114882233682986,Kokoomus Pirkkalassa,Pirkkalan Kokoomus ry,666,6,Kok
163903613685550,Eurooppalainen Suomi ry,Eurooppalainen Suomi ry,664,6,Ry
218493884837356,Nurmijärven kunta,Nurmijärven kunta,664,3,Kaupunki
145507518815493,Tampereen Vasemmisto,Tampereen Vasemmisto,657,4,Vas
106279736072242,SFP i Helsingfors,SFP i Helsingfors,654,53,RKP
355081261180832,Uudenkaupungin Perussuomalaiset ry,Uudenkaupungin Perussuomalaiset ry,646,27,PS
315909121816382,Kokoomus Valkeakoski,Kokoomuksen Valkeakosken Kunnallisjärjestö ry,643,27,Kok
106090215821158,Vasemmistoliiton Akaan osasto,Akaan Vasemmistoliitto ry,641,8,Vas
101014174993302,Keskusta Porissa,Porin Keskusta,633,36,Kesk
208532699307328,Uudenmaan Sosialidemokraatit,Uudenmaan Sosialidemokraatit,627,15,SDP
128710947144224,Joensuun Vihreät,Joensuun Vihreät,626,59,Vihr
231159103673327,Kokoomus Joensuussa,Kokoomus Joensuussa,626,23,Kok
102405421951029,Helsingfors Svenska Arbetarförening rf - HSAF,"Helsingfors Svenska Arbetarförening, rf",620,2,Ry
492199713966425,Laki särmään,Laki särmään,620,21,Ry
1671110199786732,Pornaisten Kokoomus,Pornaisten Kokoomus,612,24,Kok
8265674748,Suomen Lähetysseura,Suomen Lähetysseura,607,20,Kirkko
272130722896957,Pirkanmaan Yrittäjät,Pirkanmaan Yrittäjät ry,600,4,Ry
165788046794349,Kehitysvammaisten Tukiliitto,Kehitysvammaisten Tukiliitto,599,3,Ry
289042201218114,Lapin Sosialidemokraattinen Piiri ry,Lapin Sosialidemokraattinen Piiri,596,6,SDP
158470314208395,Kaakkois-Suomen Vihreät Naiset ry,Kaakkois-Suomen Vihreät Naiset ry,593,36,Vihr
322478695679,Länsi-Savo,Länsi-Savo,580,24,Oy
405546492943527,Etelä-Hämeen Keskusta,Keskustan Etelä-Hämeen piiri,577,5,Kesk
116843748342723,Uusimaa,Uusimaa,576,22,Maakunta
252329362124381,KD Pohjois-Karjala,KD Pohjois-Karjala,575,13,KD
187124801619019,Osuuskunta Tradeka,Osuuskunta Tradeka,569,2,Oy
146532142114269,Hämeenlinnan Kokoomus,Hämeenlinnan Kokoomus,566,28,Kok
397077980358580,Kauniaisten Vihreät,Kauniaisten Vihreät,561,22,Vihr
192210228734,Kouvolan Sanomat,Kouvolan Sanomat,554,26,Oy
153374888023578,Fingo - Suomalaiset kehitysjärjestöt,Fingo - Suomalaiset kehitysjärjestöt,554,24,Ry
941750445962348,Keskusta Kotka,Keskusta Kotka,552,4,Kesk
317522295777565,Lohjan Kristillisdemokraatit,Suomen Kristillisdemokraattien (KD) Lohjan seudun paikallisosasto ry,549,17,KD
266885463387921,Koillismaan Vihreät ry,Koillismaan Vihreät ry,549,28,Vihr
431677586881425,Kansalaisopistojen liitto KoL,Kansalaisopistojen liitto KoL – Medborgarinstitutens förbund MiF ry,545,7,Ry
1593535264249629,Suomen Kustannusyhdistys,Suomen Kustannusyhdistys,540,1,Ry
159139167468501,Hämeenlinnan Vihreät,Hämeenlinnan Vihreät,536,20,Vihr
206942796092197,Kokoomus Nurmijärvi ry,Kokoomus Nurmijärvi ry,516,8,Kok
269143493659,Satakunnan Kokoomus,Satakunnan Kokoomus,509,13,Kok
283511781767023,Limingan Kokoomus,Limingan Kokoomus r. y,505,7,Kok
210173727081,Pohjoismainen ympäristömerkki - Joutsenmerkki,Pohjoismainen ympäristömerkki - Joutsenmerkki,503,16,Ry
302691479858096,Järvenpään Perussuomalaiset,Järvenpään Perussuomalaiset,500,1,PS
149500255075681,Oulun vaalipiirin Vihreät,Oulun vaalipiirin Vihreät,500,19,Vihr
193541797669081,Sotkamon Kokoomus Ry,Sotkamon Kokoomus Ry,500,9,Ry
102490464926611,Kempeleen Demarit,Kempeleen Demarit,500,19,SDP
370901253347,SOS-Lapsikylä,SOS-Lapsikylä,499,1,Ry
387112538752894,Green Sisu,Green Sisu,499,33,Vihr
317818901649237,Hausjärven Kokoomus,Hausjärven Kokoomus ry,486,27,Kok
279407225425058,Forssan Lehti,Hämeen Media,485,16,Oy
220884089007,Suomen luonnonsuojeluliitto,Suomen luonnonsuojeluliitto,481,11,Ry
1820887671511010,Sauvon Kokoomus ry,Sauvon Kokoomus ry,475,15,Kok
223932421069563,Kirkkonummen Kokoomus,Kirkkonummen kokoomus,471,25,Kok
161632602242,Demarinaiset,Demarinaiset,470,15,SDP
1858286061114801,Pohjois-Karjalan Keskusta,Keskustan Pohjois-Karjalan piiri,469,7,Kesk
337099423015742,Keravan Vihreät,Keravan Vihreät,468,28,Vihr
296537217395203,Ranuan Kokoomus,Ranuan Kokoomus ry,466,5,Kok
157359987610086,Sipoon Sanomat,Sipoon Sanomat,461,36,Oy
138387419654922,Imatran Kokoomus,Imatran Kokoomus ry,460,1,Kok
414338075247229,Järvenpään Keskusta,Järvenpään Keskusta,460,23,Kesk
197425096997612,Tuusulan Vihreät,Tuusulan Vihreät,450,28,Kesk
1493028787579360,Liedon Keskusta,Liedon Keskusta,450,3,Vihr
233357380045625,Suomen Kennelliitto,Suomen Kennelliitto,448,3,Ry
101942117988638,Rovaniemen Keskusta,Rovaniemen Keskusta,447,2,Kesk
176840835666465,Rantalakeus,Kaleva365 Oy,442,5,Oy
110530301656011,Suomi 125,Take Action Studios Oy,437,3,Oy
1403842966317196,Kokoomus Ulvilassa,Kokoomus Ulvilassa,435,14,Kok
1584858055068239,Liedon vihreät,Liedon vihreät,428,3,Vihr
470616132956888,Kouvolan Vasemmistoliitto,Kouvolan Vasemmistoliitto,423,11,Vas
115073553567731,Jyvässeudun palkansaajademarit ry,Jyvässeudun palkansaajademarit ry,419,13,Ry
283762588316103,Pohjois-Karjalan Osuuskauppa,Pohjois-Karjalan Osuuskauppa,412,5,Oy
1687374578160220,Mäntsälän Vasemmisto ry,Mäntsälän Vasemmisto ry,411,30,Ry
466378650096046,Kemin Vasemmistoliitto,Kemin Vasemmistoliitto,408,7,Vas
463489980348395,Porvoon Keskusta,Porvoon Keskusta,405,11,Kesk
1784710361791944,MSK ry - Mustasaaren suomenkielisten kunnallisjärjestö ry.,MSK ry - Mustasaaren suomenkielisten kunnallisjärjestö ry.,400,17,Ry
104418794504506,LähiTapiola Kiinteistövarainhoito,LähiTapiola Kiinteistövarainhoito,400,2,Oy
131377747002575,Keravan kaupunki,Keravan kaupunki,400,2,Kaupunki
473588885996143,Kouvolan Vihreät,Kouvolan Vihreät,395,18,Vihr
102583748540563,Raseborg SDP Raasepori,Raseborg SDP Raasepori,394,10,SDP
1779185199009669,Kangasalan Vasemmisto,Kangasalan Vasemmisto,391,19,Vas
313336298524988,Etelä-Kymenlaakson Vasemmisto ry,Etelä-Kymenlaakson Vasemmisto ry,390,7,Vas
1106285056054221,Vaasan Sähkö - Vasa Elektriska,Vaasan Sähkö - Vasa Elektriska,390,2,Oy
355695141779,Itä-Savo,Itä-Savo,388,14,Oy
327565891926509,Meidän Loimaa,Meidän Loimaa,388,24,Ry
161389310577182,Karjalan Keskusta,Karjalan Keskusta,385,27,Kesk
237584782429,Iltalehti,Alma Media Suomi Oy,379,2,Oy
1961548777206558,Perussuomalaisten Hämeen piiri ry,Perussuomalaisten Hämeen piiri ry,378,7,PS
377011865574,Väestöliitto,Väestöliitto,376,2,Ry
13204463437,"UNHCR, the UN Refugee Agency","UNHCR, the UN Refugee Agency",375,16,Ry
150712651078,Lapin Vihreät ry - Lappi Ruonát rs,Lapin Vihreät ry - Lappi Ruonát rs,372,21,Vihr
1664366303806156,Gyproc Suomi,Gyproc Suomi,371,3,Oy
214948198521159,Satakunnan Keskusta,Satakunnan Keskusta,371,9,Kesk
232301376874442,Osuuskauppa Hämeenmaa,S-ryhmä,371,5,Oy
273478482827383,Vasemmistoliiton Lapin piiri,Vasemmistoliiton Lapin piiri,367,13,Vas
1590689387900751,Sipoon demarit - Sibbo socialdemokrater,Sipoon Demarit - Sibbo Socialdemokrater,364,7,SDP
464112580277146,Hämeenkyrön Kokoomus ry,Hämeenkyrön Kokoomus ry,363,8,Kok
175675362512760,Espoon Perussuomalaiset ry,Espoon Perussuomalaiset ry,360,78,PS
169094950261228,Siuntion Vihreät - De Gröna i Sjundeå,Siuntion Vihreät - De Gröna i Sjundeå,357,15,Vihr
1529007540681072,Espoon Keskusta,Keskustan Espoon kuntayhdistys ry,352,12,Ry
447944908640328,Leppävirran Perussuomalaiset Ry,Leppävirran Perussuomalaiset Ry,351,13,PS
161729817199907,Kirkkonummen SDP,Kirkkonummen demarit,351,17,SDP
152746548193491,Nurmijärven Demarit,Nurmijärven Demarit,350,70,SDP
138834982821944,Kauppalehti,Kauppalehti,349,2,Oy
188627167849573,Kymen Sanomat,Kymen Sanomat,341,18,Oy
343678549705265,Ylä-Karjalan Vasemmisto,Ylä-Karjalan Vasemmisto,340,12,Vas
522420727632351,Lopen PS ry,Lopen Perussuomalaiset ry,340,4,PS
128645837155860,Haminan seudun Vihreät ry.,Haminan seudun Vihreät ry,338,79,Vihr
112787490898330,Ulvilan Keskusta,Keskustan Ulvilan Kunnallisjärjestö ry,336,23,Kesk
720258011324226,Kuopion Liikekirjapaino Oy,Kuopion Liikekirjapaino Oy,334,2,Oy
152504891489381,Jakobstads Svenska Socialdemokrater,Jakobstads Svenska Socialdemokrater,334,8,SDP
160840797298202,Sydänliitto,Sydänliitto,332,3,Oy
334803706375402,SDP Rautjärvi,SDP Rautjärvi,332,3,SDP
182027811910188,Hyvinkään Vihreät ry,Hyvinkään vihreät ry,324,7,Ry
160212313999341,Turun seudun Vihreät Naiset,Turun Seudun Vihreät Naiset,322,12,Vihr
396992750241,Insinööriliitto IL ry,Insinööriliitto IL ry,319,2,Ry
159386057509340,Konneveden Keskusta,Konneveden Keskusta,317,21,Kesk
218212491597543,SFP i Lovisa,SFP i Lovisa,317,27,RKP
1633139080270973,Kuopion Vasemmisto,Kuopion Vasemmisto,314,5,Vas
140941735780169,Tuulivoima- ja aurinkoenergiaosaamista Kainuuseen,Tuulivoima- ja aurinkoenergiaosaamista Kainuuseen,314,8,Ry
108645532511991,Tamperelainen,Tamperelainen,313,27,Oy
101399417900287,Pro Kirkkonummi ry. / Pro Kyrkslätt rf.,Pro Kirkkonummi ry. / Pro Kyrkslätt rf.,312,6,Ry
134073866647344,Keravan Vasemmisto,Keravan Vasemmisto,308,10,Vas
291374520900272,Hyvinkään Vasemmisto,Hyvinkään Vasemmisto,305,21,Vas
522514861169312,Kallion Vasemmisto,Kallion Vasemmistoliitto ry,304,6,Vas
245967315440131,Maailman Kuvalehti,Fingo ry - Suomalaiset kehitysjärjestöt,301,34,Ry
152765428115857,Keski-Suomen Vihreät Naiset ry,Keski-Suomen Vihreät Naiset ry,300,1,Vihr
1785428028345564,Vasa svenska socialdemokrater r.f.,Vasa svenska socialdemokrater r.f.,300,1,SDP
135496579694,Syöpäjärjestöt,Syöpäjärjestöt,300,4,Ry
101458305326297,Sysmän Kokoomus,Sysmän Kokoomus,298,4,Kok
622731994432755,Wellamon Kokoomusnaiset ry,Wellamon Kokoomusnaiset ry,294,8,Kok
1100097856728021,KD Rauma,KD Rauma,292,4,KD
650574484996753,SFP i Sjundeå - Siuntion RKP,SFP i Sjundeå,292,9,RKP
617033254817917,ARChie Productions Finland tv,ARChie Productions Finland TV,292,13,Oy
305298133430,Kokoomus Kaarina,Kokoomuksen Kaarinan Kunnallisjärjestö ry,285,25,Kok
275168389198010,Ehkäisevä päihdetyö EHYT ry,Ehkäisevä päihdetyö EHYT ry,283,15,Ry
117026961482850,Lapinlahden Sosialidemokraatit,Lapinlahden Sosialidemokraatit,281,10,SDP
1764140410506268,Kansallinen senioriliitto ry,Kansallinen senioriliitto ry,281,3,Ry
304084226119264,Nopeet.fi,Nopeet.fi,279,2,Oy
312370502489979,Loviisan Sanomat,Loviisan Sanomat,279,34,Oy
164581160081733,Eläinoikeusakatemia,Eläinoikeusakatemia ry,277,4,Ry
1425040501085997,Pyhäjokiseutu-lehti,Kaleva365 Oy,273,2,Oy
267157434495,Vihdin Vihreät,Vihdin Vihreät,273,2,Vihr
101726512350597,Keskusta Hyrynsalmi,Keskusta Hyrynsalmi,271,5,Kesk
207304672749999,KD Savo-Karjala,KD Savo-Karjala,269,8,KD
229780797136945,Raaseporin Vasemmisto ry,Raaseporin Vasemmisto ry,265,6,Vas
1550711321832036,Kurikan Kokoomus,Kurikan Kokoomus,262,17,Kok
228518493825825,Länsi-Vantaan Vihreät,Länsi-Vantaan Vihreät r.y.,262,3,Vihr
102072273177850,Uutisvuoksi,Uutisvuoksi,261,11,Oy
503310109682643,Järvenpään Kokoomus,Järvenpään Kokoomus,259,28,Kok
102111365996744,LemPi-metsän puolesta,LemPi-metsän puolesta,258,1,Ry
1222500277827380,Viitasaaren Keskusta,Viitasaaren Keskusta,257,15,Kesk
156056361201876,Paimion Kokoomus,Paimion kokoomus,256,10,Kok
135677053152495,Akava,Akava,255,1,Kok
107871524684062,Haapaveden Vasemmisto,Haapaveden Vasemmisto,254,8,Ay
281562506546,Keski-Suomen Kokoomusnuoret,Keski-Suomen Kokoomusnuoret,253,2,Kok
1054162048024796,Keuruun seudun Kokoomus ry,Keuruun Kokoomus ry,252,2,Kok
227943890996249,Pieksämäen Keskusta,Keskustan Pieksämäen Kunnallisjärjestö ry,252,3,Kesk
425951457754741,Keskusta Kangasala,Keskusta Kangasala,251,3,Kesk
155668057786557,Raahen Seutu & Raahelainen,Kaleva365 Oy,251,2,Oy
100806291888117,Sipoon Vihreät - De Gröna i Sibbo,Sipoon Vihreät - De Gröna i Sibbo,251,5,Vihr
106941484570210,Keskusta Pietarsaari - Centern Jakobstad,Keskusta Pietarsaari - Centern Jakobstad,250,3,Kesk
528063387053983,Vetovoimainen Ikaalinen VVI,Vetovoimainen Ikaalinen VVI,247,20,Ry
169477316356,Solidaarisuus,Solidaarisuus,246,5,Ry
568974303294711,Rautalammin keskusta,Rautalammin keskusta,246,9,Kesk
354239398976222,Koillinen puhuu - Vasemmisto vastaa,Koillinen puhuu - Vasemmisto vastaa,244,6,Vas
155492884488412,Tekniikan akateemiset TEK,Tekniikan akateemiset TEK,244,3,Ry
156636781043514,Keskustan Etelä-Pohjanmaan piiri,Keskustan Etelä-Pohjanmaan piiri ry,244,4,Kesk
124767900874820,Kaakkois-Suomen Vihreät,Kaakkois-Suomen vihreät ry,240,3,Vihr
113823118631579,Helsingin Uutiset,Helsingin Uutiset,240,19,Oy
152516658128379,Pohjois-Karjalan Keskustanuoret,Keskustanuorten Pohjois-Karjalan Piiri ry.,240,8,Kesk
104311011701918,Teuvan Keskusta,Keskustan Teuvan Kunnallisjärjestö ry,239,10,Kesk
1651761554847136,Porvoon perussuomalaiset,Porvoon perussuomalaiset,239,4,PS
503582719667337,Someron Keskusta,Someron Keskusta ry,239,30,Kesk
73631194779,Viite - Tieteen ja teknologian vihreät,Viite - Tieteen ja teknologian vihreät,239,2,Vihr
453029511518450,Etelä-Savon maakunta,Etelä-Savon maakunta,237,1,Maakunta
265719833591887,Riihimäen Kokoomus,Riihimäen Kokoomus Ry,237,10,Kok
1175676652533811,Kestävä Tampere,Tampereen kaupunki / Hiilineutraali Tampere 2030,236,4,Ry
241790526278222,Nokian Kristillisdemokraatit,Nokian Kristillisdemokraatit,233,15,KD
293493520082,Kalevi Sorsa -säätiö,Kalevi Sorsa -säätiö,232,12,Ry
190199871457996,Uusi Suunta Jämsä,Uusi Suunta Jämsä,225,7,Ry
939236932775893,Vihdin Demarit,Vihdin Demarit,224,5,SDP
535074769697199,Ratikkavaalit,These ads ran without a disclaimer,223,5,Ry
120152831996760,Orimattilan Perussuomalaiset ry,Orimattilan Perussuomalaiset ry,214,6,PS
670760459716834,Hyvinkään Perussuomalaiset virallinen,Hyvinkään Perussuomalaiset virallinen,210,10,PS
235518366487680,SKP:n Uudenmaan piirijärjestö,Suomen kommunistinen puolue,209,9,SKP
542029519001560,Parikkalan Sosialidemokraatit ry,Parikkalan Sosialidemokraatit ry,207,25,SDP
284824508371071,Kontiolahden Keskusta,Kontiolahden Keskusta,207,5,Kesk
100298015049348,Nurmon Tasatyöntöklubi,Nurmon Tasatyöntöklubi,206,11,Ry
900334436651383,Oulun Keskustanuoret,Keskustan Oulun kunnallisjärjestö ry,204,7,Kesk
391369917885202,Sodankylän kokoomus,Sodankylän kokoomus,201,13,Kok
316760665177444,Avioliitto on naisen ja miehen välinen liitto,Aito avioliiitto ry,200,1,Ry
127911164498,Sitra,Sitra,200,5,Ry
133459136755839,Ihmisoikeusliitto,Ihmisoikeusliitto,200,5,Ry
340578349898579,KD Satakunta,KD Pori,200,4,KD
106289218904705,Yksinasuvat,Yksinasuvat,200,1,Ry
136984663432216,Tammelan Kokoomus,Tammelan Kokoomus,200,1,Kok
116280055091202,Helsingin yliopiston avoin yliopisto,Helsingin yliopiston avoin yliopisto,200,1,Yliopisto
254013244688721,Valkeakosken Vasemmisto,Valkeakosken Vasemmisto,200,4,Vas
226649830736762,SKP Jyväskylä,SKP:N Jyväskylän piirijärjestö ry,199,11,SKP
107081152704431,Rauman Eteläiset sosialidemokraatit,Rauman Eteläiset sosialidemokraatit,198,5,SDP
598466346861843,Forssan seudun perussuomalaiset,Forssan seudun perussuomalaiset,198,2,PS
491112017633877,Greenreality Lappeenranta,Greenreality Lappeenranta,198,2,Ry
269694033212652,SFP i Pargas,SFP i Pargas,198,1,RKP
2026683107368378,Päijät-Hämeen PerusNaiset ry,Päijät-Hämeen PerusNaiset ry,197,4,PS
152875336627008,KD Rautavaara,KD Rautavaara,197,5,KD
199280996938840,Kirkkonummen Vasemmisto,Kirkkonummen Vasemmisto,195,4,Vas
316516011539684,Valta Kuuluu Kansalle r.p.,Valta kuuluu kansalle r.p.,194,2,VKK
1572653312978362,Kuopion Kristillisdemokraatit - KD Kuopio,Kuopion Kristillisdemokraatit - KD Kuopio,192,2,KD
2013130122094464,Kokkolan Vasemmisto,Kokkolan Vasemmisto,192,39,Vas
180192098660221,Helsingin Vihreät,Helsingin Vihreät,192,5,Vihr
146594745401444,Iisalmen Sanomat,Iisalmen Sanomat,190,4,Oy
105097106241417,Espoon Vihreät,Espoon Vihreät,187,1,Vihr
152603821504784,SFP i Esbo / RKP Espoo,SFP i Esbo,183,6,RKP
186519195132281,Svenska Kvinnoförbundet i Sörnäs,Svenska Kvinnoförbundet i Sörnäs,179,4,Ry
112463956995328,Kehittyvät Kaupungit,These ads ran without a disclaimer,172,4,Ry
575277942639307,Laukaan Kokoomus ry,Laukaan Kokoomus ry,172,3,Kok
1887653201467983,Pohjois-Pohjanmaan hyvinvointialue,Pohjois-Pohjanmaan hyvinvointialue,172,1,Hyvinvointialue
454083317949986,SFP Kristinestad,SFP Kristinestad,171,6,RKP
269427337235,Kotkan seudun Vihreät,Kotkan seudun Vihreät,170,5,Vihr
104941684969471,Alajärven vihreät,Alajärven Vihreät,170,6,Vihr
106788212687533,Interpedia,Interpedia,170,1,NaN
317469493358,Pieksämäen Kokoomus,Pieksämäen Kokoomus ry,170,3,Kok
101645133256358,Vesilahden Kokoomus ry,Vesilahden Kokoomus ry.,169,4,Kok
107724867561444,Liike Nyt Lahti,Liike Nyt Lahti r.y.,168,2,LiikeNyt
621320841056790,Rovaniemelle talviolympialaiset 2042,Evigo Oy,164,6,Oy
164760106883850,Koillissanomat,Kaleva365 Oy,164,2,Oy
771520579541730,SFP kommunorganisation i Nykarleby,Svenska folkpartiets kommunorganisation i Nykarleby,161,5,RKP
180931678597534,Seinäjoen Kokoomus ry,Seinäjoen Kokoomus ry,160,12,Kok
307590951846,Jyväskylän keskustaopiskelijat,Jyväskylän keskustaopiskelijat,159,1,Ry
162050703823354,Turun yliopisto - University of Turku,Turun yliopisto - University of Turku,158,2,Yliopisto
1655344091404166,Sosialidemokraatit Loviisassa,Sosialidemokraatit Loviisassa,158,5,SDP
298255610248061,Tasa-arvoasiain neuvottelukunta,Tasa-arvoasiain neuvottelukunta,155,5,Ry
105103331766723,Äänestä vuosaarelaista,Äänestä vuosaarelaista,153,1,Ry
107107682652732,Iisalmen Keskusta,Iisalmen Keskusta,151,6,Kesk
356301551123582,SFP i Österbotten,Svenska folkpartiet i Österbotten r.f.,150,1,RKP
127195574005414,Finnwatch,Finnwatch,150,1,Ry
259415340787861,Kymenlaakson Keskusta,Keskustan Kymenlaakson piiri,150,2,Kesk
202623459911741,Kansalaisopistot,Kansalaisopistojen liitto KoL – Medborgarinstitutens förbund MiF ry,150,1,Ry
699097956820901,KD Riihimäki,KD Riihimäki,149,6,KD
302619929890655,A-klinikkasäätiö,A-klinikkasäätiö,149,3,Ry
714428062053182,Länsi-Vantaan Demarit,Länsi-Vantaan Demarit,149,6,SDP
100163709232524,"Perussuomalaiset ry, Vihti","Perussuomalaiset ry, Vihti",146,4,PS
1379271129032645,Loviisan Keskusta,Loviisan Keskusta,145,5,Kesk
331080726764885,SDP Järvenpää,SDP Järvenpää,145,4,SDP
200875973334,MTK,MTK,144,1,Ry
558754257476201,Turun Keskustaopiskelijat,Turun Keskustaopiskelijat,143,2,Ry
486887815127034,Keski-Suomen Tieteen ja teknologian vihreät,Keski-Suomen Tieteen ja teknologian vihreät ry,142,19,Ry
182345348793598,SDP Lappeenranta,SDP Lappeenranta,141,5,SDP
411612645521465,MAF Suomi,MAF Suomi,140,1,Ry
101752679432823,Helsinginniemen demarit,Helsinginniemen demarit,140,2,SDP
316429945426,Aalto University,Aalto University,139,1,Yliopisto
1740850902798498,Keskustan Ylöjärven kunnallisjärjestö ry,Keskustan Ylöjärven kunnallisjärjestö ry,139,4,Kesk
117062289700199,Eläinvihreät ry,Eläinvihreät ry,139,1,Ry
10150158553110727,Peimarin Vihreät Ry,Peimarin Vihreät Ry,139,11,Vihr
525914024092136,Tulevaisuuden Rovaniemi,Tulevaisuuden Rovaniemi,137,3,Ry
294810410627856,Keravan Keskusta,Keskustan Keravan kuntayhdistys ry,135,12,Ry
258264887587003,SFP i Pojo,SFP i Pojo,134,5,RKP
1594046593961673,Tuusulanjärven Kokoomus,Tuusulanjärven Kokoomus,133,3,Kok
305608418141,Ylä-Karjala,Ylä-Karjala,133,2,Maakunta
577751965416144,SDP Iisalmi,Iisalmen Sos. Dem. Työväenyhdistys,132,6,SDP
264454860674953,Pidetään Orimattila oikeilla raiteilla,Pidetään Orimattila oikeilla raiteilla,130,3,Ry
131524090233337,Turun Sanomat,Turun Sanomat,129,3,Oy
460987123963125,Orimattilan Kokoomus,Orimattilan Kokoomus,129,5,Kok
479223435433590,Pietarsaaren Vihreät - De Gröna i Jakobstad,Pietarsaaren vihreät De Gröna i Jakobstad,128,9,Vihr
1507409756235772,Työsuojeluhallinto,"Pohjois-Suomen aluehallintovirasto, työsuojelun vastuualue",128,3,Valtio
183587274993329,Orimattilan Vihreät,Orimattilan Vihreät,127,6,Vihr
170212483059441,Lapin Keskustanuoret,Lapin Keskustanuoret,126,5,Kesk
101610201831572,Sotkamon demarit,Sotkamon demarit,125,3,SDP
105910711473696,Keskustan Nurmeksen paikallisyhdistys,Keskustan Nurmeksen paikallisyhdistys,122,9,Kesk
1359345414136105,Isonkyrön Kokoomus,Isonkyrön Kokoomus,121,1,Kok
523783077486384,Perussuomalaisten Satakunnan piiri ry,Perussuomalaisten Satakunnan Piiri ry,121,2,PS
239254512799560,KSL-opintokeskus,KSL-opintokeskus,120,2,Yliopisto
1648711915380242,Marttilan Kokoomus,Marttilan Kokoomus,120,3,Kok
328942167167865,Pedersöre socialdemokrater,Pedersöre socialdemokrater,120,2,SDP
334229024584719,Savonlinnan Työväenyhdistys,Savonlinnan Työväenyhdistys,120,12,Ry
345895801426,Finska Missionssällskapet,Finska Missionssällskapet,116,5,Ry
381408718605996,Vantaan Keskusta,Vantaan Keskusta,114,4,Kesk
1409173142651264,Kyrkslätt Svenska Socialdemokrater,Kyrkslätt Svenska Socialdemokrater,113,7,SDP
928014980626945,Työttömien Keskusjärjestö ry,Työttömien Keskusjärjestö ry,113,3,Ry
110426971446380,Lapin Sitoutumattomat ry.,Lapin Sitoutumattomat ry.,112,3,Ry
526327163901903,Sauvon SDP,Sauvon SDP,110,5,SDP
102221958712400,Keskusta Kemissä,Keskusta Kemissä,110,5,Kesk
105249541798257,Ähtärin Perussuomalaiset,Ähtärin Perussuomalaiset,108,25,PS
205256216156692,Pöytyän Kokoomus,Pöytyän Kokoomus,108,6,Kok
467127863319500,Jyväskylän Sosialidemokraatit,Jyväskylän Sos.dem. Kunnallisjärjestö ry,105,3,SDP
212257028078,Toisenlainen Lahja,Toisenlainen Lahja,103,9,Ry
1383959085212440,Turun SDP,Turun SDP,103,5,SDP
651736128301233,SDP Pornainen,SDP Pornainen,102,1,SDP
908713169185916,KD Keski-Suomi,KD Keski-Suomi,102,3,KD
149046132210876,Kangasalan Vihreät,Kangasalan Vihreät,101,4,Vihr